Designator,Footprint,Quantity,Value,LCSC Part #
AE111,U.FL_Hirose_U.FL-R-SMT-1_Vertical,1,Antenna,C88374
"C1, C13, C14, C17, C18, C19, C20, C21, C22, C23, C8, C9",0603,12,100nF,C14663
C10,0603,1,470nF,C1623
"C11, C12",0603,2,27pF,C1656
"C15, C16",0603,2,1uF,C15849
C2,0603,1,1nF,C1588
"C24, C25",0805,2,10uF,C15850
C3,0603,1,39pF,C302067
"C4, C5",0603,2,3.3pF,C1660
C6,0603,1,47pF,C1671
C7,0603,1,47nF,C1622
FL1,Balun_Johanson_0900FM15K0039,1,0900FM15K0039,C5224443
J3,PinSocket_1x04_P2.54mm_Vertical,1,Conn_01x04_Socket,C2897367
L1,0603,1,47nH,C98076
L2,0603,1,9.1nH,C251803
L3,0805,1,15uH,C383402
LED1,0603,1,BLUE,C2288
R1,0603,1,100,C22775
"R10, R4",0603,2,10K,C25804
"R11, R12",0603,2,4.7K,C23162
"R2, R3, R7",0603,3,1K,C21190
"R5, R6",0603,2,5.1K,C23186
"R8, R9",0603,2,27 ohm,C25190
SW1,SW_SPST_B3U-1000P,1,BOOT,C231329
SW2,SW_SPST_B3U-1000P,1,RESET,C231329
U1,QFN-56-1EP_7x7mm_P0.4mm_EP3.2x3.2mm,1,RP2040,C2040
U2,QFN-24-1EP_4x4mm_P0.5mm_EP2.6x2.6mm,1,SX1262IMLTRT,C191341
U3,SOIC-8_5.3x5.3mm_P1.27mm,1,W25Q128JVS,C97521
U4,SOT-363_SC-70-6,1,PE4259,C470892
U5,SOT-23-5,1,AP2112K-3.3,C51118
USB-C,USB_C_Receptacle_HRO_TYPE-C-31-M-12,1,USB_C_Receptacle_USB2.0_16P,C165948
Y1,Crystal_SMD_3225-4Pin_3.2x2.5mm_HandSoldering,1,32MHz,C9009
Y2,Crystal_SMD_3225-4Pin_3.2x2.5mm_HandSoldering,1,12MHz,C9002
