Designator,Mid X,Mid Y,Rotation,Layer
AE111,220.825,-87.15,0.0,top
C1,208.99,-46.6,90.0,top
C10,202.875,-86.625,270.0,top
C11,222.095,-56.41,0.0,top
C12,213.93,-58.435,270.0,top
C13,218.46,-62.655,270.0,top
C14,216.25,-62.695,270.0,top
C15,214.3,-62.675,90.0,top
C16,220.71,-62.665,270.0,top
C17,204.545,-67.67,180.0,top
C18,207.54,-67.69,180.0,top
C19,213.55,-66.11,180.0,top
C2,212.725,-88.575,0.0,top
C20,210.55,-66.11,180.0,top
C21,207.555,-66.11,180.0,top
C22,204.555,-66.11,180.0,top
C23,210.52,-67.75,180.0,top
C24,227.28,-66.61,270.0,top
C25,216.81,-66.37,0.0,top
C3,212.725,-87.1,180.0,top
C4,215.0,-87.85,270.0,top
C5,217.975,-84.85,90.0,top
C6,203.18,-70.78,90.0,top
C7,204.69,-70.76,90.0,top
C8,216.61,-78.595,90.0,top
C9,213.52,-67.78,180.0,top
FL1,205.425,-84.5,270.0,top
J3,228.16,-81.26,270.0,top
L1,203.9625,-74.5,0.0,top
L2,217.25,-87.125,180.0,top
L3,201.825,-84.175,0.0,top
LED1,225.56,-60.15,180.0,top
R1,208.725,-84.2,270.0,top
R10,198.28,-51.4,270.0,top
R11,223.39,-83.82,0.0,top
R12,227.78,-83.89,180.0,top
R2,200.53,-46.92,270.0,top
R3,212.05,-64.5,180.0,top
R4,216.54,-75.26,90.0,top
R5,220.93,-52.63,0.0,top
R6,220.91,-54.17,0.0,top
R7,222.45,-60.18,0.0,top
R8,214.5,-52.75,180.0,top
R9,214.5,-54.29,180.0,top
SW1,204.07,-45.43,270.0,top
SW2,218.2,-72.04,270.0,top
U1,207.45,-59.45,90.0,top
U2,205.3375,-79.85,270.0,top
U3,204.2,-50.9725,270.0,top
U4,209.3875,-87.125,180.0,top
U5,229.1375,-62.2,180.0,top
USB-C,216.7,-45.81,180.0,top
Y1,209.55,-73.65,0.0,top
Y2,217.45,-57.5375,0.0,top
